{
	"credit": "Made with Blockbench",
	"parent": "block/orientable",
	"textures": {
		"4": "block/furnace_bottom",
		"top": "block/furnace_top",
		"front": "block/furnace_front",
		"side": "block/furnace_side",
		"fire": "block/furnace_front_on",
		"particle": "block/furnace_bottom"
	},
	"elements": [
		{
			"name": "PlaneX1",
			"from": [16, 0, 0],
			"to": [16.001, 16, 16],
			"faces": {
				"east": {"uv": [0, 0, 16, 16], "texture": "#side", "cullface": "east"}
			}
		},
		{
			"name": "PlaneZ2",
			"from": [0, 0, 16],
			"to": [16, 16, 16.001],
			"faces": {
				"south": {"uv": [0, 0, 16, 16], "texture": "#side", "cullface": "south"}
			}
		},
		{
			"name": "PlaneY3",
			"from": [0, 16, 0],
			"to": [16, 16.001, 16],
			"faces": {
				"up": {"uv": [0, 0, 16, 16], "texture": "#top", "cullface": "up"}
			}
		},
		{
			"name": "PlaneY3",
			"from": [0, 0, 0],
			"to": [16, 0.001, 16],
			"faces": {
				"down": {"uv": [0, 0, 16, 16], "texture": "#4", "cullface": "down"}
			}
		},
		{
			"name": "PlaneX1",
			"from": [0, 0, 0],
			"to": [0.001, 16, 16],
			"faces": {
				"west": {"uv": [0, 0, 16, 16], "texture": "#side", "cullface": "west"}
			}
		},
		{
			"name": "PlaneZ6",
			"from": [0, 1, 0],
			"to": [3, 16, 0.001],
			"faces": {
				"north": {"uv": [13, 0, 16, 15], "texture": "#front", "cullface": "north"}
			}
		},
		{
			"name": "PlaneZ6",
			"from": [3, 13, 0],
			"to": [13, 16, 0.001],
			"faces": {
				"north": {"uv": [3, 0, 13, 3], "texture": "#front", "cullface": "north"}
			}
		},
		{
			"name": "PlaneZ6",
			"from": [13, 1, 0],
			"to": [16, 16, 0.001],
			"faces": {
				"north": {"uv": [0, 0, 3, 15], "texture": "#front", "cullface": "north"}
			}
		},
		{
			"name": "PlaneZ6",
			"from": [3, 4, 0],
			"to": [4, 5, 0.001],
			"faces": {
				"north": {"uv": [12, 11, 13, 12], "texture": "#front", "cullface": "north"}
			}
		},
		{
			"name": "PlaneZ6",
			"from": [3, 0, 0],
			"to": [13, 1, 2],
			"faces": {
				"north": {"uv": [3, 15, 13, 16], "texture": "#front", "cullface": "north"},
				"up": {"uv": [3, 16, 13, 14], "texture": "#front", "cullface": "north"}
			}
		},
		{
			"name": "PlaneZ6",
			"from": [4, 4, 3],
			"to": [12, 5, 3.001],
			"faces": {
				"north": {"uv": [4, 11, 12, 12], "texture": "#fire", "cullface": "north"}
			}
		},
		{
			"name": "PlaneZ6",
			"from": [3, 12, 0],
			"to": [4, 13, 0.001],
			"faces": {
				"north": {"uv": [12, 3, 13, 4], "texture": "#front", "cullface": "north"}
			}
		},
		{
			"name": "PlaneZ6",
			"from": [12, 12, 0],
			"to": [13, 13, 0.001],
			"faces": {
				"north": {"uv": [3, 3, 4, 4], "texture": "#front", "cullface": "north"}
			}
		},
		{
			"name": "PlaneZ6",
			"from": [12, 4, 0],
			"to": [13, 5, 0.001],
			"faces": {
				"north": {"uv": [3, 11, 4, 12], "texture": "#front", "cullface": "north"}
			}
		},
		{
			"name": "PlaneX15",
			"from": [13, 1, 0],
			"to": [13.001, 4, 3],
			"faces": {
				"west": {"uv": [2, 12, 5, 15], "texture": "#front", "cullface": "north"}
			}
		},
		{
			"name": "PlaneX15",
			"from": [12, 4, 0],
			"to": [12.001, 5, 3],
			"faces": {
				"west": {"uv": [3, 3, 6, 4], "texture": "#front", "cullface": "north"}
			}
		},
		{
			"name": "PlaneX15",
			"from": [4, 4, 0],
			"to": [4.001, 5, 3],
			"faces": {
				"east": {"uv": [10, 3, 13, 4], "texture": "#front", "cullface": "north"}
			}
		},
		{
			"name": "PlaneX15",
			"from": [3, 1, 0],
			"to": [3.001, 4, 3],
			"faces": {
				"east": {"uv": [11, 12, 14, 15], "texture": "#front", "cullface": "north"}
			}
		},
		{
			"name": "PlaneY23",
			"from": [3, 4, 0],
			"to": [4, 4.001, 3],
			"faces": {
				"down": {"uv": [12, 6, 13, 3], "texture": "#front", "cullface": "north"}
			}
		},
		{
			"name": "PlaneY23",
			"from": [3, 1, 2],
			"to": [13, 1.001, 3],
			"faces": {
				"up": {"uv": [3, 16, 13, 15], "texture": "#fire", "cullface": "north"}
			}
		},
		{
			"name": "PlaneY23",
			"from": [12, 4, 0],
			"to": [13, 4.001, 3],
			"faces": {
				"down": {"uv": [3, 6, 4, 3], "texture": "#front", "cullface": "north"}
			}
		},
		{
			"name": "PlaneZ6",
			"from": [3, 5, 0],
			"to": [13, 9, 3],
			"faces": {
				"north": {"uv": [3, 7, 13, 11], "texture": "#front", "cullface": "north"},
				"up": {"uv": [3, 8, 13, 5], "texture": "#front"},
				"down": {"uv": [3, 13, 13, 10], "texture": "#front"}
			}
		},
		{
			"name": "PlaneZ6",
			"from": [3, 1, 3],
			"to": [13, 4, 3.001],
			"faces": {
				"north": {"uv": [3, 12, 13, 15], "texture": "#fire", "cullface": "north"}
			}
		},
		{
			"name": "PlaneZ6",
			"from": [3, 9, 3],
			"to": [13, 12, 3.001],
			"faces": {
				"north": {"uv": [4, 4, 5, 5], "texture": "#front", "cullface": "north"}
			}
		},
		{
			"name": "PlaneZ6",
			"from": [4, 12, 3],
			"to": [12, 13, 3.001],
			"faces": {
				"north": {"uv": [4, 4, 5, 5], "texture": "#front", "cullface": "north"}
			}
		},
		{
			"name": "PlaneX15",
			"from": [13, 9, 0],
			"to": [13.001, 12, 3],
			"faces": {
				"west": {"uv": [2, 4, 5, 7], "texture": "#front", "cullface": "north"}
			}
		},
		{
			"name": "PlaneY23",
			"from": [12, 12, 0],
			"to": [13, 12.001, 3],
			"faces": {
				"down": {"uv": [3, 6, 4, 3], "texture": "#front", "cullface": "north"}
			}
		},
		{
			"name": "PlaneX15",
			"from": [12, 12, 0],
			"to": [12.001, 13, 3],
			"faces": {
				"west": {"uv": [3, 3, 6, 4], "texture": "#front", "cullface": "north"}
			}
		},
		{
			"name": "PlaneY23",
			"from": [4, 13, 0],
			"to": [12, 13.001, 3],
			"faces": {
				"down": {"uv": [4, 5, 12, 2], "texture": "#front", "cullface": "north"}
			}
		},
		{
			"name": "PlaneY23",
			"from": [3, 12, 0],
			"to": [4, 12.001, 3],
			"faces": {
				"down": {"uv": [12, 6, 13, 3], "texture": "#front", "cullface": "north"}
			}
		},
		{
			"name": "PlaneX15",
			"from": [4, 12, 0],
			"to": [4.001, 13, 3],
			"faces": {
				"east": {"uv": [10, 3, 13, 4], "texture": "#front", "cullface": "north"}
			}
		},
		{
			"name": "PlaneX15",
			"from": [3, 9, 0],
			"to": [3.001, 12, 3],
			"faces": {
				"east": {"uv": [11, 4, 14, 7], "texture": "#front", "cullface": "north"}
			}
		},
		{
			"name": "Cube36",
			"from": [10, 1, 2.5],
			"to": [12, 4, 3],
			"faces": {
				"north": {"uv": [4, 12, 6, 15], "texture": "#fire"},
				"east": {"uv": [4, 12, 4.5, 15], "texture": "#fire"},
				"west": {"uv": [5.5, 12, 6, 15], "texture": "#fire"},
				"up": {"uv": [6, 12, 4, 12.5], "texture": "#fire"}
			}
		},
		{
			"name": "Cube36",
			"from": [4, 1, 2],
			"to": [6, 3, 3],
			"faces": {
				"north": {"uv": [10, 13, 12, 15], "texture": "#fire"},
				"east": {"uv": [10, 13, 11, 15], "texture": "#fire"},
				"west": {"uv": [11, 13, 12, 15], "texture": "#fire"},
				"up": {"uv": [12, 13, 10, 14], "texture": "#fire"}
			}
		},
		{
			"name": "Cube36",
			"from": [8, 1, 2],
			"to": [10, 3, 3],
			"faces": {
				"north": {"uv": [6, 13, 8, 15], "texture": "#fire"},
				"east": {"uv": [6, 13, 7, 15], "texture": "#fire"},
				"west": {"uv": [7, 13, 8, 15], "texture": "#fire"},
				"up": {"uv": [8, 13, 6, 14], "texture": "#fire"}
			}
		},
		{
			"name": "Cube36",
			"from": [6, 1, 2.5],
			"to": [8, 2, 3],
			"faces": {
				"north": {"uv": [8, 14, 10, 15], "texture": "#fire"},
				"up": {"uv": [10, 14, 8, 14.5], "texture": "#fire"}
			}
		},
		{
			"name": "PlaneZ6",
			"from": [0, 0, 0],
			"to": [3, 1, 0.001],
			"faces": {
				"north": {"uv": [13, 15, 16, 16], "texture": "#front", "cullface": "north"}
			}
		},
		{
			"name": "PlaneZ6",
			"from": [13, 0, 0],
			"to": [16, 1, 0.001],
			"faces": {
				"north": {"uv": [0, 15, 3, 16], "texture": "#front", "cullface": "north"}
			}
		}
	]
}