{
	"variants": {
		"": [
			{ "model": "betterend:block/amber_moss_1" },
			{ "model": "betterend:block/amber_moss_1", "y": 90 },
			{ "model": "betterend:block/amber_moss_1", "y": 180 },
			{ "model": "betterend:block/amber_moss_1", "y": 270 },
			{ "model": "betterend:block/amber_moss_2" },
			{ "model": "betterend:block/amber_moss_2", "y": 90 },
			{ "model": "betterend:block/amber_moss_2", "y": 180 },
			{ "model": "betterend:block/amber_moss_2", "y": 270 },
			{ "model": "betterend:block/amber_moss_3" },
			{ "model": "betterend:block/amber_moss_3", "y": 90 },
			{ "model": "betterend:block/amber_moss_3", "y": 180 },
			{ "model": "betterend:block/amber_moss_3", "y": 270 }
		]
	}
}
