{
	"variants": {
		"": [
			{ "model": "betterend:block/amber_moss_path_1" },
			{ "model": "betterend:block/amber_moss_path_1", "y": 90 },
			{ "model": "betterend:block/amber_moss_path_1", "y": 180 },
			{ "model": "betterend:block/amber_moss_path_1", "y": 270 },
			{ "model": "betterend:block/amber_moss_path_2" },
			{ "model": "betterend:block/amber_moss_path_2", "y": 90 },
			{ "model": "betterend:block/amber_moss_path_2", "y": 180 },
			{ "model": "betterend:block/amber_moss_path_2", "y": 270 },
			{ "model": "betterend:block/amber_moss_path_3" },
			{ "model": "betterend:block/amber_moss_path_3", "y": 90 },
			{ "model": "betterend:block/amber_moss_path_3", "y": 180 },
			{ "model": "betterend:block/amber_moss_path_3", "y": 270 }
		]
	}
}
