{
    "variants": {
        "facing=up":    { "model": "betterend:block/blue_vine_fur" },
        "facing=down":  { "model": "betterend:block/blue_vine_fur", "x": 180 },
        "facing=north": { "model": "betterend:block/blue_vine_fur", "x": 90 },
        "facing=south": { "model": "betterend:block/blue_vine_fur", "x": 90, "y": 180 },
        "facing=east":  { "model": "betterend:block/blue_vine_fur", "x": 90, "y": 90 },
        "facing=west":  { "model": "betterend:block/blue_vine_fur", "x": 90, "y": 270 }
    }
}
