{
	"variants": {
		"": [
			{ "model": "betterend:block/bubble_coral_1" },
			{ "model": "betterend:block/bubble_coral_1", "y":  90 },
			{ "model": "betterend:block/bubble_coral_1", "y": 180 },
			{ "model": "betterend:block/bubble_coral_1", "y": 270 },
			{ "model": "betterend:block/bubble_coral_2" },
			{ "model": "betterend:block/bubble_coral_2", "y":  90 },
			{ "model": "betterend:block/bubble_coral_2", "y": 180 },
			{ "model": "betterend:block/bubble_coral_2", "y": 270 },
			{ "model": "betterend:block/bubble_coral_3" },
			{ "model": "betterend:block/bubble_coral_3", "y":  90 },
			{ "model": "betterend:block/bubble_coral_3", "y": 180 },
			{ "model": "betterend:block/bubble_coral_3", "y": 270 }
		]
	}
}
