{
    "variants": {
        "age=0": [
			{ "model": "betterend:block/cave_pumpkin_vine_1" },
			{ "model": "betterend:block/cave_pumpkin_vine_2" }
		],
        "age=1": [
			{ "model": "betterend:block/cave_pumpkin_vine_3" },
			{ "model": "betterend:block/cave_pumpkin_vine_4" }
		],
        "age=2": [
			{ "model": "betterend:block/cave_pumpkin_vine_5" },
			{ "model": "betterend:block/cave_pumpkin_vine_6" }
		],
        "age=3": [
			{ "model": "betterend:block/cave_pumpkin_vine_7" },
			{ "model": "betterend:block/cave_pumpkin_vine_8" }
		]
    }
}
