{
	"variants": {
		"facing=east,lit=false": {
				"model": "betterend:block/end_stone_smelter",
				"y": 90
		},
		"facing=east,lit=true": {
				"model": "betterend:block/end_stone_smelter_on",
				"y": 90
		},
		"facing=north,lit=false": {
				"model": "betterend:block/end_stone_smelter"
		},
		"facing=north,lit=true": {
				"model": "betterend:block/end_stone_smelter_on"
		},
		"facing=south,lit=false": {
				"model": "betterend:block/end_stone_smelter",
				"y": 180
		},
		"facing=south,lit=true": {
				"model": "betterend:block/end_stone_smelter_on",
				"y": 180
		},
		"facing=west,lit=false": {
				"model": "betterend:block/end_stone_smelter",
				"y": 270
		},
		"facing=west,lit=true": {
				"model": "betterend:block/end_stone_smelter_on",
				"y": 270
		}
	}
}
