{
	"variants": {
		"state=default,active=false": [
			{
				"model": "betterend:block/eternal_pedestal_default_1"
			},
			{
				"model": "betterend:block/eternal_pedestal_default_2"
			},
			{
				"model": "betterend:block/eternal_pedestal_default_3"
			},
			{
				"model": "betterend:block/eternal_pedestal_default_4"
			},
			{
				"model": "betterend:block/eternal_pedestal_default_5"
			},
			{
				"model": "betterend:block/eternal_pedestal_default_6"
			},
			{
				"model": "betterend:block/eternal_pedestal_default_7"
			}
		],
		"state=default,active=true": [
			{
				"model": "betterend:block/eternal_pedestal_default_active_1"
			},
			{
				"model": "betterend:block/eternal_pedestal_default_active_2"
			},
			{
				"model": "betterend:block/eternal_pedestal_default_active_3"
			},
			{
				"model": "betterend:block/eternal_pedestal_default_active_4"
			},
			{
				"model": "betterend:block/eternal_pedestal_default_active_5"
			},
			{
				"model": "betterend:block/eternal_pedestal_default_active_6"
			},
			{
				"model": "betterend:block/eternal_pedestal_default_active_7"
			}
		],
		"state=pedestal_top,active=false": [
			{
				"model": "betterend:block/eternal_pedestal_top_1"
			},
			{
				"model": "betterend:block/eternal_pedestal_top_2"
			},
			{
				"model": "betterend:block/eternal_pedestal_top_3"
			},
			{
				"model": "betterend:block/eternal_pedestal_top_4"
			},
			{
				"model": "betterend:block/eternal_pedestal_top_5"
			},
			{
				"model": "betterend:block/eternal_pedestal_top_6"
			},
			{
				"model": "betterend:block/eternal_pedestal_top_7"
			}
		],
		"state=pedestal_top,active=true": [
			{
				"model": "betterend:block/eternal_pedestal_top_active_1"
			},
			{
				"model": "betterend:block/eternal_pedestal_top_active_2"
			},
			{
				"model": "betterend:block/eternal_pedestal_top_active_3"
			},
			{
				"model": "betterend:block/eternal_pedestal_top_active_4"
			},
			{
				"model": "betterend:block/eternal_pedestal_top_active_5"
			},
			{
				"model": "betterend:block/eternal_pedestal_top_active_6"
			},
			{
				"model": "betterend:block/eternal_pedestal_top_active_7"
			}
		],
		"state=column": {
			"model": "betterend:block/eternal_pedestal_column"
		},
		"state=column_top": {
			"model": "betterend:block/eternal_pedestal_column_top"
		},
		"state=bottom": {
			"model": "betterend:block/eternal_pedestal_bottom"
		},
		"state=pillar": {
			"model": "betterend:block/eternal_pedestal_pillar"
		}
	}
}