{
	"variants": {
		"shape=flower_big_bottom":  [
			{ "model": "betterend:block/hydralux_flower_big_1_bottom" },
			{ "model": "betterend:block/hydralux_flower_big_2_bottom" },
			{ "model": "betterend:block/hydralux_flower_big_3_bottom" }
		],
		"shape=flower_big_top":  { "model": "betterend:block/hydralux_flower_big_top" },
		"shape=flower_small_bottom":  { "model": "betterend:block/hydralux_flower_small_bottom" },
		"shape=flower_small_top":  { "model": "betterend:block/hydralux_flower_small_top" },
		"shape=vine":  { "model": "betterend:block/hydralux_vine" },
		"shape=roots":  { "model": "betterend:block/hydralux_roots" }
	}
}
