{
	"variants": {
		"state=default": {
			"model": "betterend:block/infusion_pedestal_default"
		},
		"state=pedestal_top": {
			"model": "betterend:block/infusion_pedestal_top"
		},
		"state=column": {
			"model": "betterend:block/infusion_pedestal_column"
		},
		"state=column_top": {
			"model": "betterend:block/infusion_pedestal_column_top"
		},
		"state=bottom": {
			"model": "betterend:block/infusion_pedestal_bottom"
		},
		"state=pillar": {
			"model": "betterend:block/infusion_pedestal_pillar"
		}
	}
}