{
	"variants": {
		"": [
			{ "model": "betterend:block/jungle_grass_01" },
			{ "model": "betterend:block/jungle_grass_02" },
			{ "model": "betterend:block/jungle_grass_03" },
			{ "model": "betterend:block/jungle_grass_04" },
			{ "model": "betterend:block/jungle_grass_05" },
			{ "model": "betterend:block/jungle_grass_06" },
			{ "model": "betterend:block/jungle_grass_07" },
			{ "model": "betterend:block/jungle_grass_08" },
			{ "model": "betterend:block/jungle_grass_09" },
			{ "model": "betterend:block/jungle_grass_10" },
			{ "model": "betterend:block/jungle_grass_11" },
			{ "model": "betterend:block/jungle_grass_12" }
		]
	}
}
