{
    "variants": {
        "axis=x": [
			{ "model": "betterend:block/lucernia_log", "x": 90, "y": 90, "weight": 16 },
			{ "model": "betterend:block/lucernia_log_2", "x": 90, "y": 90 },
			{ "model": "betterend:block/lucernia_log_3", "x": 90, "y": 90, "weight": 16 },
			{ "model": "betterend:block/lucernia_log_4", "x": 90, "y": 90 }
		], 
        "axis=y": [
			{ "model": "betterend:block/lucernia_log", "weight": 16 },
			{ "model": "betterend:block/lucernia_log_2" },
			{ "model": "betterend:block/lucernia_log_3", "weight": 16 },
			{ "model": "betterend:block/lucernia_log_4" }
		], 
        "axis=z": [
			{ "model": "betterend:block/lucernia_log", "x": 90, "weight": 16 },
			{ "model": "betterend:block/lucernia_log_2", "x": 90 },
			{ "model": "betterend:block/lucernia_log_3", "x": 90, "weight": 16 },
			{ "model": "betterend:block/lucernia_log_4", "x": 90 }
		]
    }
}
