{
	"variants": {
		"transition=false": [
			{ "model": "betterend:block/mossy_glowshroom_cap" },
			{ "model": "betterend:block/mossy_glowshroom_cap", "y": 90 },
			{ "model": "betterend:block/mossy_glowshroom_cap", "y": 180 },
			{ "model": "betterend:block/mossy_glowshroom_cap", "y": 270 },
			{ "model": "betterend:block/mossy_glowshroom_cap", "x": 90 },
			{ "model": "betterend:block/mossy_glowshroom_cap", "x": 90, "y": 90 },
			{ "model": "betterend:block/mossy_glowshroom_cap", "x": 90, "y": 180 },
			{ "model": "betterend:block/mossy_glowshroom_cap", "x": 90, "y": 270 },
			{ "model": "betterend:block/mossy_glowshroom_cap", "x": 180 },
			{ "model": "betterend:block/mossy_glowshroom_cap", "x": 180, "y": 90 },
			{ "model": "betterend:block/mossy_glowshroom_cap", "x": 180, "y": 180 },
			{ "model": "betterend:block/mossy_glowshroom_cap", "x": 180, "y": 270 },
			{ "model": "betterend:block/mossy_glowshroom_cap", "x": 270 },
			{ "model": "betterend:block/mossy_glowshroom_cap", "x": 270, "y": 90 },
			{ "model": "betterend:block/mossy_glowshroom_cap", "x": 270, "y": 180 },
			{ "model": "betterend:block/mossy_glowshroom_cap", "x": 270, "y": 270 },
			{ "model": "betterend:block/mossy_glowshroom_cap", "z": 90 },
			{ "model": "betterend:block/mossy_glowshroom_cap", "y": 90, "z": 90 },
			{ "model": "betterend:block/mossy_glowshroom_cap", "y": 180, "z": 90 },
			{ "model": "betterend:block/mossy_glowshroom_cap", "y": 270, "z": 90 },
			{ "model": "betterend:block/mossy_glowshroom_cap", "x": 90, "z": 90 },
			{ "model": "betterend:block/mossy_glowshroom_cap", "x": 90, "y": 90, "z": 90 },
			{ "model": "betterend:block/mossy_glowshroom_cap", "x": 90, "y": 180, "z": 90 },
			{ "model": "betterend:block/mossy_glowshroom_cap", "x": 90, "y": 270, "z": 90 },
			{ "model": "betterend:block/mossy_glowshroom_cap", "x": 180, "z": 90 },
			{ "model": "betterend:block/mossy_glowshroom_cap", "x": 180, "y": 90, "z": 90 },
			{ "model": "betterend:block/mossy_glowshroom_cap", "x": 180, "y": 180, "z": 90 },
			{ "model": "betterend:block/mossy_glowshroom_cap", "x": 180, "y": 270, "z": 90 },
			{ "model": "betterend:block/mossy_glowshroom_cap", "x": 270, "z": 90 },
			{ "model": "betterend:block/mossy_glowshroom_cap", "x": 270, "y": 90, "z": 90 },
			{ "model": "betterend:block/mossy_glowshroom_cap", "x": 270, "y": 180, "z": 90 },
			{ "model": "betterend:block/mossy_glowshroom_cap", "x": 270, "y": 270, "z": 90 },
			{ "model": "betterend:block/mossy_glowshroom_cap", "z": 180 },
			{ "model": "betterend:block/mossy_glowshroom_cap", "y": 90, "z": 180 },
			{ "model": "betterend:block/mossy_glowshroom_cap", "y": 180, "z": 180 },
			{ "model": "betterend:block/mossy_glowshroom_cap", "y": 270, "z": 180 },
			{ "model": "betterend:block/mossy_glowshroom_cap", "x": 90, "z": 180 },
			{ "model": "betterend:block/mossy_glowshroom_cap", "x": 90, "y": 90, "z": 180 },
			{ "model": "betterend:block/mossy_glowshroom_cap", "x": 90, "y": 180, "z": 180 },
			{ "model": "betterend:block/mossy_glowshroom_cap", "x": 90, "y": 270, "z": 180 },
			{ "model": "betterend:block/mossy_glowshroom_cap", "x": 180, "z": 180 },
			{ "model": "betterend:block/mossy_glowshroom_cap", "x": 180, "y": 90, "z": 180 },
			{ "model": "betterend:block/mossy_glowshroom_cap", "x": 180, "y": 180, "z": 180 },
			{ "model": "betterend:block/mossy_glowshroom_cap", "x": 180, "y": 270, "z": 180 },
			{ "model": "betterend:block/mossy_glowshroom_cap", "x": 270, "z": 180 },
			{ "model": "betterend:block/mossy_glowshroom_cap", "x": 270, "y": 90, "z": 180 },
			{ "model": "betterend:block/mossy_glowshroom_cap", "x": 270, "y": 180, "z": 180 },
			{ "model": "betterend:block/mossy_glowshroom_cap", "x": 270, "y": 270, "z": 180 },
			{ "model": "betterend:block/mossy_glowshroom_cap", "z": 270 },
			{ "model": "betterend:block/mossy_glowshroom_cap", "y": 90, "z": 270 },
			{ "model": "betterend:block/mossy_glowshroom_cap", "y": 180, "z": 270 },
			{ "model": "betterend:block/mossy_glowshroom_cap", "y": 270, "z": 270 },
			{ "model": "betterend:block/mossy_glowshroom_cap", "x": 90, "z": 270 },
			{ "model": "betterend:block/mossy_glowshroom_cap", "x": 90, "y": 90, "z": 270 },
			{ "model": "betterend:block/mossy_glowshroom_cap", "x": 90, "y": 180, "z": 270 },
			{ "model": "betterend:block/mossy_glowshroom_cap", "x": 90, "y": 270, "z": 270 },
			{ "model": "betterend:block/mossy_glowshroom_cap", "x": 180, "z": 270 },
			{ "model": "betterend:block/mossy_glowshroom_cap", "x": 180, "y": 90, "z": 270 },
			{ "model": "betterend:block/mossy_glowshroom_cap", "x": 180, "y": 180, "z": 270 },
			{ "model": "betterend:block/mossy_glowshroom_cap", "x": 180, "y": 270, "z": 270 },
			{ "model": "betterend:block/mossy_glowshroom_cap", "x": 270, "z": 270 },
			{ "model": "betterend:block/mossy_glowshroom_cap", "x": 270, "y": 90, "z": 270 },
			{ "model": "betterend:block/mossy_glowshroom_cap", "x": 270, "y": 180, "z": 270 },
			{ "model": "betterend:block/mossy_glowshroom_cap", "x": 270, "y": 270, "z": 270 }
		],
		"transition=true":  { "model": "betterend:block/mossy_glowshroom_cap_transition" }
	}
}
