{
	"variants": {
		"axis=x": [
			{ "model": "betterend:block/mossy_glowshroom_stripped_log", "x": 90, "y": 90 },
			{ "model": "betterend:block/mossy_glowshroom_stripped_log_2", "x": 90, "y": 90 },
			{ "model": "betterend:block/mossy_glowshroom_stripped_log_3", "x": 90, "y": 90 },
			{ "model": "betterend:block/mossy_glowshroom_stripped_log_4", "x": 90, "y": 90 },
			{ "model": "betterend:block/mossy_glowshroom_stripped_log_5", "x": 90, "y": 90 }
		],
		"axis=y": [
			{ "model": "betterend:block/mossy_glowshroom_stripped_log" },
			{ "model": "betterend:block/mossy_glowshroom_stripped_log_2" },
			{ "model": "betterend:block/mossy_glowshroom_stripped_log_3" },
			{ "model": "betterend:block/mossy_glowshroom_stripped_log_4" },
			{ "model": "betterend:block/mossy_glowshroom_stripped_log_5" }
		],
		"axis=z": [
			{ "model": "betterend:block/mossy_glowshroom_stripped_log", "x": 90 },
			{ "model": "betterend:block/mossy_glowshroom_stripped_log_2", "x": 90 },
			{ "model": "betterend:block/mossy_glowshroom_stripped_log_3", "x": 90 },
			{ "model": "betterend:block/mossy_glowshroom_stripped_log_4", "x": 90 },
			{ "model": "betterend:block/mossy_glowshroom_stripped_log_5", "x": 90 }
		]
	}
}
