{
    "variants": {
        "facing=north":  [
			{ "model": "betterend:block/tube_worm_01", "y": 180 },
			{ "model": "betterend:block/tube_worm_02", "y": 180 },
			{ "model": "betterend:block/tube_worm_03", "y": 180 }
		],
        "facing=south":  [
			{ "model": "betterend:block/tube_worm_01" },
			{ "model": "betterend:block/tube_worm_02" },
			{ "model": "betterend:block/tube_worm_03" }
		],
        "facing=east":  [
			{ "model": "betterend:block/tube_worm_01", "y": 270 },
			{ "model": "betterend:block/tube_worm_02", "y": 270 },
			{ "model": "betterend:block/tube_worm_03", "y": 270 }
		],
        "facing=west":  [
			{ "model": "betterend:block/tube_worm_01", "y": 90 },
			{ "model": "betterend:block/tube_worm_02", "y": 90 },
			{ "model": "betterend:block/tube_worm_03", "y": 90 }
		]
    }
}
